Nº;WhatsApp / Participante;Chances;Bilhetes provisórios
1;+55 21 96642-9563;26;001–026
2;+55 11 94598-4448;24;027–050
3;+55 24 99215-9885;22;051–072
4;+55 99 8111-4155;19;073–091
5;Vinicius Auch;19;092–110
6;+55 65 9337-1024;15;111–125
7;+55 12 99125-0075;13;126–138
8;+55 27 99922-6494;10;139–148
9;+52 1 844 599 1131;9;149–157
10;+55 69 9398-4127;8;158–165
11;+55 28 99992-4631;7;166–172
12;+55 32 8412-7643;6;173–178
13;Felipe Cesar Romera Lista Guppy;6;179–184
14;+55 19 99821-0841;4;185–188
15;+55 32 9903-3863;4;189–192
16;+55 38 9890-4418;4;193–196
17;+55 81 9404-8719;4;197–200
18;+55 11 94768-5242;3;201–203
19;+55 11 97453-4547;3;204–206
20;+55 27 99892-9446;3;207–209
21;+55 11 98223-6496;2;210–211
22;+55 22 99763-3302;2;212–213
23;+55 62 8505-8587;2;214–215
24;+55 68 9960-3417;2;216–217
25;+55 95 9128-2405;2;218–219
26;+55 11 96036-4760;1;220
27;+55 11 96919-6047;1;221
28;+55 21 96986-5985;1;222
29;+55 28 99926-2054;1;223
30;+55 28 99971-8554;1;224
31;+55 44 9999-5588;1;225
32;+55 66 9248-4304;1;226
;TOTAL;226;001–226
